Current Time,Beginning of Time Interval,Anger (video),Disgust (video),Fear (video),Happy (video),Sad (video),Surprise (video),Neutral (video),Video Emotion Vector (positive),(neutral),(negative),Text Emotion Vector (positive),(neutral),(negative),Cosine similarity,Final Sincerity Classification,Transcription Over Time Interval
0.0,null,null,null,null,null,null,null,null,null,null,null,null,null,null,null,null,null
0.5,null,null,null,null,null,null,null,null,null,null,null,null,null,null,null,null,null
1.0,null,null,null,null,null,null,null,null,null,null,null,null,null,null,null,null,null
1.5,null,null,null,null,null,null,null,null,null,null,null,null,null,null,null,null,null
2.0,null,null,null,null,null,null,null,null,null,null,null,null,null,null,null,null,null
2.5,null,null,null,null,null,null,null,null,null,null,null,null,null,null,null,null,null
3.0,null,null,null,null,null,null,null,null,null,null,null,null,null,null,null,null,null
3.5,null,null,null,null,null,null,null,null,null,null,null,null,null,null,null,null,null
4.0,null,null,null,null,null,null,null,null,null,null,null,null,null,null,null,null,null
4.5,null,null,null,null,null,null,null,null,null,null,null,null,null,null,null,null,null
5.0,null,null,null,null,null,null,null,null,null,null,null,null,null,null,null,null,null
5.5,null,null,null,null,null,null,null,null,null,null,null,null,null,null,null,null,null
6.0,null,null,null,null,null,null,null,null,null,null,null,null,null,null,null,null,null
6.5,null,null,null,null,null,null,null,null,null,null,null,null,null,null,null,null,null
7.0,null,null,null,null,null,null,null,null,null,null,null,null,null,null,null,null,null
7.5,null,null,null,null,null,null,null,null,null,null,null,null,null,null,null,null,null
8.0,null,null,null,null,null,null,null,null,null,null,null,null,null,null,null,null,null
8.5,null,null,null,null,null,null,null,null,null,null,null,null,null,null,null,null,null
9.0,null,null,null,null,null,null,null,null,null,null,null,null,null,null,null,null,null
9.5,null,null,null,null,null,null,null,null,null,null,null,null,null,null,null,null,null
10.0,null,null,null,null,null,null,null,null,null,null,null,null,null,null,null,null,null
10.5,0.5,12.845784384514763,3.961970557335549,32.59938566692046,41.4964268807856,7.236716033611771,0.5325177980938198,1.3271899243068785,0.414964268807856,0.018597077224006983,0.5664385664238254,0.039,0.742,0.219,0.28308949012857476,Ingenuine,this text is meant to have an overall negative tone today was a rough day for me I woke up feeling exhausted and unmotivated but I dragged myself out of bed and
11.0,1.0,45.55518329143524,0.41540577076375484,41.55409336090088,0.5797414109110832,9.854932129383087,0.02476345980539918,2.015885151922703,0.005797414109110832,0.02040648611728102,0.9737961455248296,0.035,0.764,0.201,0.2746261120240538,Ingenuine,this text is meant to have an overall negative tone today was a rough day for me I woke up feeling exhausted and unmotivated but I dragged myself out of bed and tried to push
11.5,1.5,37.54733726664408,0.020921800543084026,19.399116599507128,1.0719236625387467,28.83748882040315,0.016463121099993355,13.106747752830252,0.010719236625387468,0.13123210873930247,0.8580486448709743,0.036,0.757,0.207,0.4066708734239417,Ingenuine,meant to have an overall negative tone today was a rough day for me I woke up feeling exhausted and unmotivated but I dragged myself out of bed and tried to push through it
12.0,2.0,26.702862774984506,0.012695651035715516,1.6457518463430587,0.6139985950739867,0.169929853406715,70.82940091736306,0.025358691233291777,0.006139985950739867,0.7085475960859635,0.28531240125769997,0.039,0.742,0.219,0.9945240966630957,Genuine,have an overall negative tone today was a rough day for me I woke up feeling exhausted and unmotivated but I dragged myself out of bed and tried to push through it
12.5,2.5,30.366363481716693,3.446257448642558,34.53109448777503,1.2933763996212007,29.491516412315796,0.49603971327367863,0.37534798211926435,0.012933763996212006,0.008713876953929429,0.9783523183045009,0.042,0.765,0.193,0.2535712085882581,Ingenuine,negative tone today was a rough day for me I woke up feeling exhausted and unmotivated but I drive myself out of bed and tried to push through it however
13.0,3.0,0.0004183456029144462,2.2754551811992446e-12,0.004465414336019228,99.99006986499666,5.2233611401210434e-05,2.659007837811692e-05,0.004969804150643694,0.9999006986499666,4.996394229021811e-05,4.93599355261034e-05,0.042,0.8,0.158,0.05149542763799237,Ingenuine,today was a rough day for me I woke up feeling exhausted and unmotivated but I dragged myself out of bed and tried to push through it however at the day
13.5,3.5,10.426069548853581,11.336162547607726,68.4211454893524,5.46361422105005,3.895255270034703,0.1845193548300093,0.27324080930540673,0.0546361422105005,0.0045776016413541605,0.9407863285584841,0.039,0.812,0.148,0.18631849012059662,Ingenuine,today was a rough day for me I woke up feeling exhausted and unmotivated but I dragged myself out of bed and tried to push through it however as the day went on
14.0,4.0,61.528480052948,0.34668901935219765,24.13225919008255,0.7542132399976254,7.379476726055145,0.5502903833985329,5.308595299720764,0.0075421323999762535,0.05858885683119297,0.9338690498843789,0.038,0.856,0.106,0.18496169258536363,Ingenuine,today was a rough day for me I woke up feeling exhausted and unmotivated but I drive myself out of bed and tried to push through it however as the day went on things
14.5,4.5,3.6042859735725736e-08,3.0687170055702493e-16,0.008811995737690224,91.95153069207255,2.2188746386097305e-06,0.007718197326375758,8.031942429062273,0.9195153069207255,0.08039660626388649,8.814250655188876e-05,0.036,0.829,0.136,0.12854003286150878,Ingenuine,today was a rough day for me I woke up feeling exhausted and unmotivated but I dragged myself out of bed and tried to push through it however as the day went on things only seems
15.0,5.0,0.02417119685560465,9.966601988153911e-08,0.000299153521154949,99.6833860874176,0.004709095082944259,0.00029074283247609856,0.28714684303849936,0.996833860874176,0.0028743758587097545,0.0002917954512572374,0.032,0.741,0.227,0.04409585663032463,Ingenuine,weather update for me I woke up feeling exhausted and unmotivated but I dragged myself out of bed and tried to push through it however as the day went on things only seem to get worse
15.5,5.5,23.489604800319956,0.00018985797391226896,0.9588604433155324,74.75693075400179,0.3168732815234829,0.002117854036255887,0.4754228335125943,0.7475693075400178,0.004775406875488501,0.24765528383132882,0.109,0.787,0.104,0.17589746067804643,Ingenuine,I woke up feeling exhausted and unmotivated but I drive myself out of bed and tried to push through it however as the day went on things only seem to get worth
16.0,6.0,4.5052628964185715,0.0012058610991516616,1.0384976863861084,94.18240189552307,0.1974310725927353,0.0031961997592588887,0.07200917461887002,0.9418240189552307,0.0007520537437812891,0.05742397516496567,0.109,0.787,0.104,0.14446004321591127,Ingenuine,I woke up feeling exhausted and unmotivated but I drive myself out of bed and tried to push through it however as the day went on things only seem to get worth
16.5,6.5,57.578372051909916,34.13637171550134,4.9995505810319685,0.012431626938052245,3.262791393662525,0.006673336543201396,0.003798094168974968,0.00012431626938052244,0.00010471430712176364,0.9997708574210574,0.115,0.734,0.152,0.20055707943728637,Ingenuine,feeling exhausted and unmotivated but I dragged myself out of bed and tried to push through it however as the day went on things only seem to get worth
17.0,7.0,94.58639589467025,0.3388713083116,2.805529888303869,0.16732102791643308,1.9400631302632767,0.019916789920231843,0.14189832991128146,0.0016732102791643308,0.0016181511983151332,0.99670860221549,0.079,0.805,0.116,0.1437193651156267,Ingenuine,exhausted and unmotivated but I drive myself out of bed and tried to push through it however as the day went on things only seem to get worth
17.5,7.5,81.50687217712402,2.588425949215889,7.071352005004883,1.1346062645316124,4.8222605139017105,0.7958574220538139,2.0806238055229187,0.011346062645316124,0.028764812275767326,0.9598891064524651,0.079,0.803,0.119,0.17646108101299704,Ingenuine,didn't unmotivated but I dragged myself out of bed and tried to push through it however as the day went on things only seemed to get worse I had planned to go for
18.0,8.0,89.42562215633656,0.5313244350343269,4.59214093889486,0.5274222395476389,3.55959763343306,0.3248921982815502,1.0390067780323955,0.005274222395476389,0.013638989763139457,0.9810868516369879,0.053,0.801,0.146,0.19291451425400363,Ingenuine,motivated but I dragged myself out of bed and tried to push through it however as the day went on things only seemed to get worse I had planned to go over on this more
18.5,8.5,81.94164633750916,0.034256503568030894,2.0035089924931526,0.3282459219917655,11.725978553295135,0.16271170461550355,3.8036584854125977,0.003282459219917655,0.03966370190028101,0.9570539038686547,0.0,0.846,0.154,0.21967375554282603,Ingenuine,but I dragged myself out of bed and tried to put through it however as the day went on things only seemed to get worse I had planned to go for a run this morning
19.0,9.0,85.559042029495,0.23024300628238842,3.403677013078092,4.9094142127735365,4.226091372836665,0.04303456877039298,1.6284968625310823,0.049094142127735364,0.01671531431301475,0.9341905342169216,0.0,0.901,0.099,0.1268111007747904,Ingenuine,drag myself out of bed and tried to put through it however as the day went on things only seemed to get worse I had planned to go for a run this morning but my body
19.5,9.5,92.31070876121521,0.9226792491972446,3.0507072806358337,1.5027395449578762,0.9075595997273922,0.8929508738219738,0.41265320032835007,0.015027395449578762,0.013056040741503239,0.9719165489077568,0.0,0.942,0.058,0.07484695315444861,Ingenuine,out of bed and tried to push through it however as the day went on things only seemed to get worse I had planned to go for a run this morning but my body felt heavy
20.0,10.0,94.9573278427124,0.2686260500922799,1.4643143862485886,0.460518104955554,2.215474471449852,0.040558475302532315,0.5931774619966745,0.00460518104955554,0.0063373593729920685,0.9890574275050312,0.0,0.851,0.149,0.17877041729641796,Ingenuine,bed and tried to put through it however as the day went on things only seemed to get worse I had planned to go for a run this morning but my body felt heavy and sluggish
20.5,10.5,87.44968175888062,4.438937455415726,2.9547544196248055,1.0714261792600155,0.38877439219504595,3.493993729352951,0.20243097096681595,0.010714261792600155,0.03696424700319767,0.9523214802611619,0.0,0.79,0.21,0.2941732022702128,Ingenuine,but through it however as the day went on things only seemed to get worse I had planned to go for a run this morning but my body felt heavy and sluggish and I
21.0,11.0,83.77771377563477,0.11316437739878893,4.522256925702095,2.004634402692318,4.876838251948357,0.3541982965543866,4.351186752319336,0.02004634402692318,0.047053850488737226,0.9328997333068401,0.0,0.891,0.109,0.1712370702351914,Ingenuine,however as the day went on things only seem to get work at 10 to go for a run this morning but my body felt heavy and sluggish and I just couldn't
21.5,11.5,94.85113682137289,0.1641247807927691,2.1428440936989674,0.8099436725743208,0.8750646263283937,0.39582387482239306,0.761050221124265,0.008099436725743208,0.011568740959466582,0.9803317032219303,0.0,0.793,0.207,0.26396175744850076,Ingenuine,however as the day went on things only seemed to get worse I had planned to go for a run this morning but my body felt heavy and sluggish and I just couldn't find the energy
22.0,12.0,56.69222394320679,2.159654650431317,22.761172323087177,2.977911214183424,8.132865055457943,1.894903702151334,5.3812594257283894,0.029779112141834242,0.07276163127879723,0.8974591597218324,0.0,0.804,0.196,0.31440914503351847,Ingenuine,as the day went on things only seemed to get worse I had planned to go for a run this morning but my body felt heavy and sluggish and I just couldn't find the energy to get move
22.5,12.5,66.00410342216492,0.03182901127729565,5.805020406842232,3.6157988011837006,11.811522394418716,0.09585089283064008,12.635873258113861,0.036157988011837006,0.127317241509445,0.8365247523470316,0.0,0.829,0.171,0.3467659249428644,Ingenuine,things only seem to get work at 10 to go for a run this morning but my body felt heavy and sluggish and I just couldn't find the energy to get moving
23.0,13.0,93.01439482059448,0.07367582732369467,5.436443488981932,0.7634237863674036,0.6850266771779464,0.01015058502637543,0.01688459115625716,0.007634237863674036,0.00027035176182632593,0.9920954081407806,0.0,0.782,0.218,0.2687877185418668,Ingenuine,done things only seemed to get worse I had planned to go for a run this morning but my body felt heavy and sluggish and I just couldn't find the energy to get moving
23.5,13.5,94.582456996148,0.03042146200877881,3.5244412244032355,0.6300603685456075,1.1726707684790172,0.008660735752364456,0.05127860320391021,0.006300603685456076,0.0005993933895627467,0.9930999045103903,0.0,0.775,0.225,0.27938414591107136,Ingenuine,things only seem to get worse I had planned to go for a run this morning but my body felt heavy and sluggish and I just couldn't find the energy to get moving
24.0,14.0,55.46769564958759,18.29007038951759,13.49575978466985,0.17419977560413188,12.374719962444301,0.11293195602976752,0.08462835530045394,0.0017419977560413189,0.0019756031133022147,0.9962824578621934,0.0,0.806,0.194,0.2359387006849972,Ingenuine,I plan to go for a run this morning but my body felt heavy and sluggish and I just couldn't find the energy to get moving and said II
24.5,14.5,34.07369662209709,0.021829333546715502,7.060642637090997,0.48798770873102054,27.19948019975188,0.01004437046188807,31.14632143334406,0.004879877087310205,0.31156365803805947,0.6835564879248668,0.0,0.812,0.188,0.6092917572477482,Genuine,I plan to go for a run this morning but my body felt heavy and sluggish and I just couldn't find the energy to get moving instead I ended up spending
25.0,15.0,95.95373917177449,0.0010505867633560154,0.5207467203442192,0.27837051485532344,2.3798634255095212,0.5662668752650171,0.29995910507183016,0.0027837051485532344,0.008662259803368473,0.9885539990439159,0.0,0.829,0.171,0.2105925475139477,Ingenuine,I tend to go for a run this morning but my body felt heavy and sluggish and I just couldn't find the energy to get moving instead I ended up spending most of the
25.5,15.5,57.093870639801025,5.117552354931831,24.4377002120018,1.0108217597007751,5.8800481259822845,1.8425516784191132,4.61745411157608,0.010108217597007751,0.06460005789995193,0.9252917133271694,0.0,0.839,0.161,0.2563821926736241,Ingenuine,I tend to go for a run this morning but my body felt heavy and sluggish and I just couldn't find the energy to get moving instead I ended up spending most of the morning line
26.0,16.0,95.8283543586731,2.395198680460453,0.9498105384409428,0.018354185158386827,0.3122357651591301,0.47506880946457386,0.020986479648854584,0.00018354185158386827,0.0049605528911342844,0.9948559934273362,0.0,0.755,0.245,0.3133975768812339,Ingenuine,I tend to go for a run this morning but my body felt heavy and sluggish and I just couldn't find the energy to get moving instead I ended up spending most of the morning lying on the couch
26.5,16.5,87.27587461471558,0.024801859399303794,2.938116155564785,0.33758124336600304,5.112007260322571,0.020723597845062613,4.290897026658058,0.0033758124336600304,0.04311620624503121,0.9535079989000224,0.0,0.755,0.245,0.3513081739944542,Ingenuine,I plan to go for a run this morning but my body felt heavy and sluggish and I just couldn't find the energy to get moving instead I ended up spending most of the morning lying on the couch
27.0,17.0,97.39205225658728,0.0011627030073204008,0.4335257017478765,0.15314476080356604,0.9493348754545972,1.0092191999685287,0.06155765516654582,0.0015314476080356605,0.010707768551350744,0.9877607553679708,0.0,0.737,0.263,0.34628260407419564,Ingenuine,gopher on this morning but my body felt heavy and sluggish and I just couldn't find the energy to get moving instead I ended up spending most of the morning lying on the couch
27.5,17.5,95.68912438283868,2.8611321316799962,0.7567337277700034,0.008938876661307911,0.37100557471745316,0.25841395084095586,0.05464884965209965,8.938876661307911e-05,0.003130628004930555,0.9967799581700614,0.0,0.722,0.278,0.3622546982740254,Ingenuine,but my body felt heavy and sluggish and I just couldn't find the energy to get moving instead I ended up spending most of the morning lying on the couch scrolling through
28.0,18.0,20.6290140748024,0.013916526222601533,3.8740266114473343,0.7693560793995857,6.668971478939056,0.3013954032212496,67.743319272995,0.007693560793995857,0.6804471467621624,0.3118592869141139,0.0,0.737,0.263,0.9961668943935355,Genuine,but my body felt heavy and sluggish and I just couldn't find the energy to get moving instead I ended up spending most of the morning lying on the couch scrolling through social media
28.5,18.5,50.57142972946167,0.012489146320149302,6.013140827417374,0.7343300618231297,23.08947443962097,0.47093494795262814,19.108198583126068,0.0073433006182312965,0.19579133531078696,0.7968653414282016,0.0,0.773,0.227,0.5025425947988293,Genuine,body felt heavy and sluggish and I just couldn't find the energy to get moving instead I ended up spending most of the morning lying on the couch scrolling through social media
29.0,19.0,87.09703241622061,1.494205471818987,6.208384414507816,0.38831860320197303,3.6210085605372715,0.557831748013884,0.6332160615812467,0.0038831860320197305,0.011910478095951306,0.984206308630847,0.0,0.76,0.24,0.3126459249557283,Ingenuine,having sluggish and I just couldn't find the energy to get moving instead I ended up spending most of the morning lying on the couch scrolling through social media and
29.5,19.5,70.22229433059692,0.021866367023903877,8.304528892040253,1.0850237682461739,6.940954178571701,0.15015123644843698,13.275179266929626,0.010850237682461739,0.13425330503378063,0.8548964376823278,0.047,0.788,0.164,0.3532759354803556,Ingenuine,and I just couldn't find the energy to get moving instead I ended up spending most of the morning lying on the couch scrolling through social media and feeling and
30.0,20.0,93.90051437610217,0.05300955913474451,1.889090573598078,0.11110687468044464,3.378827839633484,0.033233313701242065,0.6342069421163866,0.0011110687468044464,0.006674402558176287,0.9922144234846848,0.047,0.788,0.164,0.21004415023031325,Ingenuine,and I just couldn't find the energy to get moving instead I ended up spending most of the morning lying on the couch scrolling through social media and feeling increasingly I
30.5,20.5,78.97219312522493,1.6367427916237365,9.07158743481786,2.0766347033816928,6.279402222704622,0.9071803501629412,1.0562522940334924,0.020766347033816926,0.019634326441964337,0.9595992557437114,0.047,0.718,0.235,0.3310658804194875,Ingenuine,couldn't find the energy to get moving instead I ended up spending most of the morning lying on the couch scrolling through social media and feeling increasingly isolated
31.0,21.0,37.43497133255005,0.011090194311691448,4.091979190707207,0.16964332899078727,43.95199418067932,0.07732327212579548,14.263002574443817,0.0016964332899078727,0.14340325846569613,0.8549003489824827,0.151,0.753,0.096,0.2836580486743242,Ingenuine,the energy to get moving instead I ended up spending most of them through social media and feeling increasingly isolated and disconnect
31.5,21.5,96.47741317749023,0.8917452767491341,1.0148352943360806,0.03511656541377306,0.7352876011282206,0.771532254293561,0.07406549993902445,0.0003511656541377306,0.008455977542325854,0.9911928134970367,0.051,0.753,0.195,0.25841207033550073,Ingenuine,instead I ended up spending most of the morning lying on the couch scrolling through social media and feeling increasingly isolated and disconnected from the world
32.0,22.0,40.871021151542664,0.075181620195508,8.026305586099625,0.0634039519354701,37.72055208683014,0.26139135006815195,12.982146441936493,0.000634039519354701,0.13243537792004645,0.8669306044466794,0.048,0.769,0.183,0.3751136056418004,Ingenuine,instead I ended up spending most of the morning lying on the couch scrolling through social media and feeling increasingly isolated and disconnected from the world around me
32.5,22.5,6.4647909381861055,0.000876673636824929,3.85144822904159,0.48105053676966053,7.785081582372283,0.28505038306417363,81.13170153687605,0.0048105053676966054,0.8141675191994022,0.18102197423236802,0.048,0.769,0.183,0.9983844399833985,Genuine,instead I ended up spending most of the morning lying on the couch scrolling through social media and feeling increasingly isolated and disconnected from the world around me
33.0,23.0,5.498877540230751,0.0007474126505258027,2.214578352868557,0.6315882783383131,14.794109761714935,0.06190320709720254,76.7982006072998,0.006315882783383131,0.7686010381439701,0.2250831306746477,0.048,0.769,0.183,0.9972975173053148,Genuine,instead I ended up spending most of the morning lying on the couch scrolling through social media and feeling increasingly isolated and disconnected from the world around me
33.5,23.5,7.070506266295163,0.008199427725489485,66.60978596093823,0.9664138558311635,4.658452611154007,20.48127705081975,0.20535960673724332,0.009664138558311634,0.20686636657556992,0.7834694426611288,0.053,0.721,0.227,0.5333522899862673,Genuine,but I ended up spending most of the morning lying on the couch scrolling through social media and feeling increasingly isolated and disconnected from the world around me
34.0,24.0,18.127046525478363,7.179236263255007e-05,20.1572984457016,1.443086750805378,6.849639862775803,45.33150792121887,8.091345429420471,0.01443086750805378,0.5342285335063934,0.451340566263184,0.089,0.774,0.137,0.8613168991509867,Genuine,scrolling through social media and feeling increasingly isolated and disconnected from the world around me
34.5,24.5,44.48955059051514,0.005519026308320463,27.847012877464294,1.1964856646955013,19.448289275169373,6.230645999312401,0.7824990898370743,0.011964856646955013,0.07013145089149475,0.9179037176945712,0.048,0.769,0.183,0.3051473612762965,Ingenuine,go to the morning lying on the couch scrolling through social media and feeling increasingly isolated and disconnected from the world around me as the afternoon wore
35.0,25.0,5.719916585693767,0.0009171541749190219,12.451117491588892,0.2689422486120762,0.5845480832996269,80.8134399874878,0.16111378034337992,0.002689422486120762,0.8097455376783118,0.18756499314757208,0.069,0.826,0.106,0.9918693997114905,Genuine,scrolling through social media and feeling increasingly isolated and disconnected from the world around me as the afternoon wore on
35.5,25.5,35.966672656933824,0.6261431985284804,17.228179706822615,2.671903903597826,25.926075930957552,0.429771074564521,17.151255437806572,0.02671903903597826,0.17581026512371092,0.7974707149324247,0.063,0.84,0.097,0.32724783260538476,Ingenuine,scrolling through social media and feeling increasingly isolated and disconnected from the world around me as the afternoon wore on I tried it
36.0,26.0,63.87333654602388,0.649556183788549,6.789932804699707,0.3712904628017821,26.33866824738194,0.4163255231872513,1.5608933753307686,0.003712904628017821,0.019772188985180197,0.9765149378189406,0.104,0.749,0.147,0.2109797782263624,Ingenuine,my lip is growing through social media and feeling increasingly isolated and disconnected from the world around me as the afternoon wore on I tried to distract my
36.5,26.5,3.559226513516478e-06,3.0239098985224144e-10,3.8031984120607376,0.1508485060185194,0.011659703159239143,0.0017167516489280388,96.03257775306702,0.001508485060185194,0.9603429450471594,0.03814861674748881,0.052,0.793,0.155,0.9863283189108558,Genuine,scrolling through social media and feeling increasingly isolated and disconnected from the world around me as the afternoon wore on I tried to distract myself by walk
37.0,27.0,80.37205934524536,0.1777712837792933,3.5392899066209793,0.925129558891058,13.15380483865738,0.24173434358090162,1.5902144834399223,0.00925129558891058,0.01831948827020824,0.9724292537430301,0.05,0.8,0.15,0.20296130577567192,Ingenuine,through social media and feeling increasingly isolated and disconnected from the world around me as the afternoon wore on I tried to distract myself by watching some TV
37.5,27.5,47.29553726858345,0.1658640533970658,22.6062339670937,0.7955895753907651,26.76581165383001,0.7619639369951412,1.609000941693895,0.007955895753907651,0.02370964878689036,0.9683344694290423,0.054,0.786,0.161,0.2246247744888144,Ingenuine,chlamydia and feeling increasingly isolated and disconnected from the world around me as the afternoon wore on I tried to distract myself by watching some TV
38.0,28.0,19.1159885594838,3.3994680434148337,18.08761466071693,1.3410017693639855,52.458653000512896,0.2874503781989442,5.309825707067591,0.013410017693639855,0.05597276085266535,0.9306172426412845,0.047,0.83,0.123,0.2061773340097651,Ingenuine,I'm feeling increasingly isolated and disconnected from the world around me as the afternoon wore on I tried to distract myself by watching some TV but
38.5,28.5,47.913146267754286,1.9659080993046643,17.992758096127737,2.2280576776793386,27.314695439971036,0.8239498311042986,1.7614807696365393,0.022280576776793386,0.02585430600740838,0.9518650790315771,0.158,0.742,0.1,0.1617526652764001,Ingenuine,I'm feeling increasingly isolated and disconnected from the world around me as the afternoon wore on I tried to distract myself by watching some TV but even my fave
39.0,29.0,0.01401898916810751,4.157035132790199e-09,91.31218194961548,0.018647305842023343,0.1328088343143463,0.0032033298339229077,8.519145101308823,0.00018647305842023343,0.08522348431142746,0.9145900977725496,0.128,0.768,0.104,0.2225724504600333,Ingenuine,increasingly isolated and disconnected from the world around me as the afternoon wore on I tried to distract myself by watching some TV but even my favorite shows
39.5,29.5,73.1863503011822,0.4910920041431179,12.255665718158312,0.3090422795016099,12.263799515056725,1.4004893055881726,0.09355134195727897,0.0030904227950160987,0.014940406475454516,0.9819690753854036,0.123,0.828,0.049,0.07391297449232141,Ingenuine,dilated and disconnected from the world around me as the afternoon wore on I tried to distract myself by watching some TV but even my favorite shows couldn't lift my
40.0,30.0,9.874113649129868,0.005203115870244801,5.136995017528534,0.9918136522173882,9.552691131830215,0.24681694339960814,74.19236302375793,0.009918136522173882,0.7443917996715754,0.24569002914358862,0.119,0.833,0.048,0.9581029855878846,Genuine,waited and disconnected from the world around me as the afternoon wore on I tried to distract myself by watching some TV but even my favorite shows couldn't lift my mood
40.5,30.5,67.29982885124339,0.423872979119661,12.612614022181747,0.311941336906989,17.765326170286396,1.4594645362240628,0.12694095145124776,0.00311941336906989,0.015864054876753107,0.981016420228312,0.174,0.826,0.0,0.01647696971464242,Ingenuine,disconnected from the World Around Me Myself by watching some TV but even my favorite shows couldn't lift my mood
41.0,31.0,59.88907814025879,0.26183680165559053,15.350121259689331,0.7740460801869631,18.108205497264862,4.7941673547029495,0.8225498721003532,0.007740460801869631,0.05616717226803303,0.9360924169886857,0.145,0.797,0.058,0.13153206731225156,Ingenuine,how's the afternoon wore on I tried to distract myself by watching some TV but even my favorite shows couldn't lift my mood I felt shop
41.5,31.5,52.768251464858736,0.09390585451384512,23.97420549238953,7.2874379031323135,13.870891265326218,0.14723785866352074,1.8580752601072348,0.07287437903132314,0.020053131187707556,0.9070725407708834,0.117,0.702,0.181,0.2794459572963974,Ingenuine,as the afternoon wore on I tried to distract myself by watching some TV but even my favorite shows couldn't lift my mood I felt trapped in the cloud
42.0,32.0,0.013610045425593853,5.3737564398304016e-08,2.411322295665741,60.88687777519226,0.03384009178262204,0.037491373950615525,36.61685883998871,0.6088687777519226,0.36654350213939324,0.024587724866115216,0.102,0.64,0.257,0.6111945337406981,Genuine,as the afternoon wore on I tried to distract myself by watching some TV but even my favorite shows couldn't lift my mood I felt trapped in the cloud of sadness
42.5,32.5,24.969390031026606,0.7950280809435941,51.821804263806854,0.813553765541764,16.668406625796155,0.5282950751686186,4.403527978483197,0.00813553765541764,0.04931823053651816,0.9425462900157321,0.089,0.576,0.335,0.543537166912632,Genuine,as the afternoon wore on I tried to distract myself by watching some TV but even my favorite shows couldn't lift my mood I felt trapped in the cloud of sadness and negative
43.0,33.0,62.79500126838684,1.079794019460678,22.77320623397827,0.16949541168287396,5.404715612530708,5.44700026512146,2.3307904601097107,0.0016949541168287396,0.0777779072523117,0.920527171343565,0.09,0.584,0.326,0.5544516978121853,Genuine,as the afternoon wore on I tried to distract myself by watching some TV but even my favorite shows couldn't lift my mood I felt trapped in the cloud of sadness and negativity
43.5,33.5,13.92081462864963,0.4991131666519145,50.28390588068401,0.9444439415302242,27.750577196513248,0.3835521867008321,6.217600403285051,0.009444439415302241,0.06601152589985883,0.9245441087249882,0.086,0.602,0.312,0.519311504836689,Genuine,as the afternoon wore on I tried to distract myself by watching some TV but even my favorite shows couldn't lift my mood I felt trapped in the cloud of sadness and negativity that I couldn't
44.0,34.0,39.80729877948761,0.7405932061374187,46.82081937789917,0.4501241259276867,10.741737484931946,1.066878903657198,0.37254977505654097,0.004501241259276867,0.01439428678713739,0.9811044884845614,0.146,0.625,0.229,0.3504428624673928,Ingenuine,I tried to distract myself by watching some TV but even my favorite shows couldn't lift my mood I felt shop in the cloud of sadness and negativity and I couldn't take it no more
44.5,34.5,36.1929327249527,0.043699974776245654,34.080952405929565,2.1591076627373695,20.270437002182007,1.5057728625833988,5.747101828455925,0.021591076627373695,0.07252874691039324,0.9058802210784052,0.153,0.551,0.296,0.5320098820052607,Genuine,I tried to distract myself by watching some TV but even my favorite shows couldn't lift my mood I felt trapped in the cloud of sadness and negativity and I couldn't stick it no matter how how
45.0,35.0,18.11001382946803,0.0005443963151673289,5.615758971481446,0.026963508267580476,20.154703241026017,0.06500114493989707,56.027012344954926,0.00026963508267580474,0.5609201348989482,0.43881020438290663,0.148,0.534,0.318,0.9650829409232283,Genuine,try to distract myself by watching some TV but even my favorite shows couldn't lift my mood I felt trapped in the cloud of sadness and negativity that I couldn't stick it no matter how hard I try
45.5,35.5,18.546596938777334,0.0015135012305312254,4.9234559478216235,0.20782323405018638,18.335095842469233,0.08464227585661104,57.90086890448703,0.002078232340501864,0.5798551118034364,0.41806662230298725,0.154,0.515,0.331,0.9691082586515329,Genuine,stop myself by watching some TV but even my favorite shows couldn't lift my mood I felt trapped in the cloud of sadness and negativity and I couldn't stick it no matter how hard I tried
46.0,36.0,24.86772984266281,0.006841714639449492,6.2164392322301865,0.8345743641257286,8.526492863893509,0.570959085598588,58.97696614265442,0.008345743641257286,0.5954792522825301,0.39617503653425956,0.181,0.58,0.239,0.9455438554289396,Genuine,by watching some TV but even my favorite shows couldn't lift my mood about dropping the cloud of sadness and negativity and I couldn't stick it no matter how hard I tried
46.5,36.5,3.2747041434049606,2.4560648625993053e-05,1.4788142405450344,0.08539173868484795,3.931930661201477,0.007176937651820481,91.22195839881897,0.0008539173868484795,0.9122913533647079,0.08685473605800098,0.195,0.547,0.258,0.8956968986678927,Genuine,MTV but even my favorite shows couldn't lift my mood about dropping the cloud of sadness and negativity and I couldn't stick it no matter how hard I tried
47.0,37.0,17.16349814373277,0.053721753064185016,43.142918569693734,5.912034998889566,17.872182384469223,2.701466394786072,13.15417281935539,0.05912034998889566,0.15855639214141462,0.7823232085095992,0.174,0.489,0.337,0.7095535539188561,Genuine,but even my favorite shows couldn't lift my mood I felt trapped in the cloud of sadness and negativity and I couldn't stick it no matter how hard I tried finally
47.5,37.5,17.558061473600688,0.0016314494006680108,5.940778590347935,0.8406745199055052,7.525899854195135,0.15076043149704557,67.98218870375291,0.008406745199055052,0.6813294913524995,0.31026371367544425,0.174,0.489,0.337,0.9479145277813982,Genuine,but even my favorite shows couldn't lift my mood I felt trapped in the cloud of sadness and negativity and I couldn't stick it no matter how hard I tried finally
48.0,38.0,76.67353749275208,0.13354119146242738,11.333034187555313,0.2325340174138546,8.836009353399277,0.32231758814305067,2.469024248421192,0.002325340174138546,0.02791341836564243,0.9697612222516909,0.15,0.575,0.275,0.44562173876598854,Ingenuine,my favorite show is couldn't lift my mood I felt trapped in the cloud of sadness and negativity and I couldn't stick it no matter how hard I try it finally I was leaving a
48.5,38.5,78.21406592214501,0.1873414842317393,8.770505861670129,0.204760360628984,5.557869706026894,0.2609574391518497,6.804497945576784,0.0020476036062898402,0.07065455384728633,0.9272978297407377,0.1,0.534,0.367,0.6203669771932473,Genuine,I felt trapped in the cloud of sadness and negativity and I couldn't stick it no matter how hard I tried finally I was leaving approached
49.0,39.0,45.14283806936968,0.18569027249159054,31.933175440619912,2.558998543560418,16.70514146716246,1.206947189983558,2.267209761870489,0.02558998543560418,0.03474156951854047,0.9396684524964364,0.095,0.665,0.241,0.37536917692929217,Ingenuine,lift my mood about dropping the cloud of sadness and negativity and I couldn't stick it no matter how hard I tried finally I was leaving approached I force myself
49.5,39.5,26.546499133110046,0.19466549856588244,29.769665002822876,5.578821524977684,22.324278950691223,1.2989465147256851,14.287124574184418,0.05578821524977684,0.15586071088910103,0.7883510858519003,0.092,0.675,0.233,0.5069560124918044,Genuine,I felt dropping the cloud of sadness and negativity and I couldn't stick it no matter how hard I tried finally I was leaving approached I force myself to get up and
50.0,40.0,8.9869424700737,0.0019143426470691338,7.682102918624878,1.4453772455453873,20.242074131965637,0.1899373484775424,61.45164966583252,0.014453772455453873,0.6164158701431006,0.36913033863311284,0.084,0.702,0.214,0.9662568825586195,Genuine,I felt dropping the cloud of sadness and negativity and I couldn't stick it no matter how hard I tried finally I was leaving approached I force myself to get up and make some dinner
50.5,40.5,5.494865312560238,6.959391191395591e-05,3.8348087024460678,2.0887520791592693,4.019012036205773,0.3793739234654812,84.1831188420199,0.020887520791592694,0.8456249276548538,0.1334875564512399,0.086,0.694,0.22,0.9844511501556588,Genuine,drop-in The Cloud of sadness and negativity and I couldn't stick it no matter how hard I tried finally I was leaving approached I force myself to get up and make some dinner
51.0,41.0,34.218597412109375,0.016429762763436884,8.519168198108673,0.8370413444936275,17.279285192489624,0.0511059130076319,39.07837271690369,0.008370413444936275,0.3912947862991132,0.6003348056547111,0.089,0.685,0.226,0.7765316527491455,Genuine,it's out of sadness and negativity and I couldn't stick it no matter how hard I tried finally I was leaving approached I force myself to get up and make some dinner
51.5,41.5,44.22749212115909,0.025534452421972446,10.885459737236468,0.3591666659091909,31.41059355862064,0.02691433503761411,13.064847953897472,0.003591666659091909,0.13091762288935085,0.8654907986943817,0.101,0.741,0.158,0.34991495489532515,Ingenuine,the negativity that I couldn't take it no matter how hard I tried finally I was leaving approached I force myself to get up and make some dinner. Simple Act
52.0,42.0,50.15003681182861,0.004276333856978454,28.192654252052307,1.5320159494876862,15.24992436170578,2.9053498059511185,1.9657351076602936,0.015320159494876862,0.04871084913611412,0.9359689175944368,0.045,0.81,0.146,0.2288186326707627,Ingenuine,no matter how hard I tried finally I was leaving approached I force myself to get up and make some dinner the simple Act of cooking
52.5,42.5,49.09641135888235,0.006541098316442766,12.303656316239394,2.0206036592249466,26.73212310458697,3.9159853954297774,5.924682652912456,0.020206036592249465,0.09840668048342234,0.8813873187802517,0.102,0.851,0.048,0.1682333896639391,Ingenuine,I couldn't take it no matter how hard I tried finally I was leaving approached I force myself to get up and make some dinner the simple Act of cooking and preparing
53.0,43.0,92.63842018108609,0.03985381228969244,3.501716301049745,0.36368032130513445,1.816368878348932,1.3854464304979361,0.2545249486148296,0.0036368032130513444,0.016399713791127656,0.9799635917277446,0.172,0.786,0.042,0.06923695929858324,Ingenuine,I couldn't take it no matter how hard I tried finally I was leaving approached I force myself to get up and make some dinner the simple Act of cooking and preparing food healthy
53.5,43.5,17.951303720474243,0.02055138029390946,38.07182013988495,4.216884076595306,23.849308490753174,1.9743381068110466,13.91579806804657,0.042168840765953064,0.15890136174857616,0.7989298373140628,0.117,0.772,0.111,0.33621936826794446,Ingenuine,no matter how hard I tried finally I was leaving approached I force myself to get up and make some dinner the simple Act of cooking and preparing food help the Grammy
54.0,44.0,46.55610364006714,8.117583148316172e-05,2.1343647751969366,0.1116543176660755,10.064175270298092,0.0019350787136912576,41.131679280796135,0.001116543176660755,0.4113361435950983,0.5875472486139366,0.093,0.859,0.048,0.6149086588415271,Genuine,how hard I tried finally leaving approached I force myself to get up and make some dinner the simple Act of cooking and preparing food help the Grammy a little
54.5,44.5,27.46215135310276,0.010215727762446596,26.259255259125798,2.63646641982002,25.81423511335431,0.35021920238802406,17.46745199353075,0.026364664198200202,0.17817671195918777,0.7954585745334533,0.066,0.934,0.0,0.22019722337857361,Ingenuine,finally leaving approached I force myself to get up and make some dinner the simple Act of cooking and preparing food help to grab me a little but I feel
55.0,45.0,56.14316202063334,0.18179657555649134,24.19524337024947,1.6342029949547645,6.6085387235008906,0.1949692261200682,11.042091163521478,0.016342029949547646,0.11237060389641547,0.871287406899402,0.097,0.903,0.0,0.12914415204571997,Ingenuine,finally leaving approached I force myself to get up and make some dinner the simple Act of cooking and preparing food help to grab me a little Garfield
55.5,45.5,22.65223115682602,0.12686933623626828,62.305790185928345,1.6167933121323586,5.580107495188713,1.2394835241138935,6.478719413280487,0.016167933121323586,0.0771820293739438,0.9066499817417935,0.064,0.936,0.0,0.08582297221417791,Ingenuine,finally leaving approached I force myself to get up and make some dinner the simple Act of cooking and preparing food help the Grammy a little but I feel I still fell
56.0,46.0,54.35343384742737,0.128654926083982,19.0851092338562,1.2499094940721989,8.602942526340485,0.3356865607202053,16.24426692724228,0.012499094940721989,0.16579953487962484,0.8217014053370804,0.154,0.846,0.0,0.19724041364113565,Ingenuine,finally leaving approached I force myself to get up and make some dinner the simple Act of cooking and preparing food help to grab me a little but I feel I still felt like I
56.5,46.5,72.70317077636719,0.06063779001124203,9.484145790338516,1.9059386104345322,10.013145953416824,1.4731330797076225,4.359827935695648,0.01905938610434532,0.05832961015403271,0.9226110031013377,0.141,0.859,0.0,0.0655886597414247,Ingenuine,finally leaving approached I force myself to get up and make some dinner the simple Act of cooking and preparing food help to grab me a little but I feel I still felt like I was just going
57.0,47.0,56.649619340896606,0.3728214418515563,11.502256989479065,0.6340364459902048,21.409720182418823,0.10388670489192009,9.327663481235504,0.006340364459902048,0.09431550186127424,0.8993441795464605,0.13,0.87,0.0,0.1041878295802372,Ingenuine,as evening approaches I force myself to get up and make some dinner the simple Act of cooking and preparing food help to grab me a little but I feel I still felt like I was just going to the most
57.5,47.5,69.1827654838562,1.2092879973351955,10.975193232297897,0.19222666742280126,14.819943904876709,1.2015805579721928,2.4190010502934456,0.0019222666742280126,0.036205816082656384,0.96187190618366,0.145,0.855,0.0,0.037418678747471686,Ingenuine,I force myself to get up and make some dinner the simple Act of cooking and preparing food help the Grammy a little but I feel I still felt like I was just going through the motions
58.0,48.0,72.17101288861113,0.052179614630989114,15.776994274675506,0.8277513580174063,3.738350644013324,3.455016222895159,3.9786989378153645,0.008277513580174064,0.07433715160710523,0.9173853742193094,0.137,0.863,0.0,0.08117470759411562,Ingenuine,I force myself to get up and make some dinner the simple Act of cooking and preparing food help the Grammy a little but I feel I still felt like I was just going through the motions without any
58.5,48.5,36.63815419219086,0.05202626887768282,40.64589552332216,1.9162512893973245,6.9517835138102155,3.3742244989604355,10.421659300129496,0.019162512893973246,0.1379588379908993,0.8428785949820091,0.159,0.841,0.0,0.1628418020555776,Ingenuine,some dinner the simple Act of cooking and preparing food help the Grammy a little but I feel I still felt like I was just going through the motions without any real purpose
59.0,49.0,42.097769129542215,0.3600924545043761,21.312720023069378,0.7663824613234447,33.12446676201024,0.8555225939425715,1.4830367734388383,0.007663824613234446,0.023385593673814098,0.9689504836912621,0.134,0.866,0.0,0.025052516598321903,Ingenuine,get up and make some dinner the simple Act of cooking and preparing food help the Grammy a little but I feel I still felt like I was just going through the motions without any real purpose or Direction
59.5,49.5,3.3116888254880905,0.0002539639353926759,1.156325824558735,1.8171532079577446,0.9320839308202267,0.13861135812476277,92.64388084411621,0.018171532079577446,0.9278249220224097,0.05400352544802445,0.154,0.846,0.0,0.9854836265335896,Genuine,the simple Act of cooking and preparing food help to grab me a little but I feel I still felt like I was just going through the motions without any real purpose or Direction
60.0,50.0,2.4561723694205284,1.4828962946467072e-05,0.8719352073967457,0.0026274101401213557,1.1417930945754051,0.010228637984255329,95.51723003387451,2.6274101401213557e-05,0.9552745867185877,0.04469915500355626,0.159,0.841,0.0,0.9815244882930944,Genuine,the simple Act of cooking and preparing food help the Grammy a little but I feel I still felt like I was just going through the motions without any real purpose or Direction
60.5,50.5,4.2155686765909195,0.01801705948309973,80.15803694725037,0.48766089603304863,2.8791332617402077,2.3855693638324738,9.85601544380188,0.004876608960330486,0.12241584807634354,0.8727075594506459,0.154,0.846,0.0,0.13765447525666621,Ingenuine,the simple Act of cooking and preparing food help to grab me a little but I feel I still felt like I was just going through the motions without any real purpose or Direction
61.0,51.0,21.415728330612183,0.06612478173337877,59.43273305892944,0.27619381435215473,3.74402217566967,12.528450787067413,2.5367481634020805,0.0027619381435215473,0.15065198950469494,0.8465860834694467,0.159,0.78,0.061,0.24702959135665625,Ingenuine,block of cooking and preparing food help to grab me a little but I feel I still felt like I was just going through the motions without any real purpose or Direction
61.5,51.5,26.96904104763514,0.16952244178339493,46.87861483565657,0.7463473805843223,23.069141690083843,0.020905495121098763,2.146432304169673,0.007463473805843223,0.021673377992907715,0.9708632001515894,0.175,0.825,0.0,0.023426577234414204,Ingenuine,cooking and preparing food help the Grammy a little but I felt I still felt like I was just going through the motions without any real purpose or direction now
62.0,52.0,25.101520127148635,0.08150682455528227,27.23217172814439,1.3083303195733023,17.11860848180106,0.14313504487335948,29.014732182904016,0.013083303195733023,0.2915786722777738,0.6953380716164936,0.175,0.825,0.0,0.3818361127030076,Ingenuine,banquet help the Grammy a little but I feel I still felt like I was just going through the motions without any real purpose or Direction now I'll sit here
62.5,52.5,1.0039676912128925,0.0022480964616988786,52.93576121330261,0.4456934053450823,1.478384342044592,0.6177784409373999,43.516167998313904,0.004456934053450823,0.44133946439251304,0.554203613430218,0.116,0.884,0.0,0.6184631805329233,Genuine,HG me a little Garfield I still felt like I was just going through the motions without any real purpose or direction now
63.0,53.0,19.13138250930518,0.14287322453430598,68.51315873704449,0.12484034199308253,4.020042238230438,6.591509241877884,1.4761889456285302,0.0012484034199308253,0.08067698187506414,0.9180745670911442,0.105,0.895,0.0,0.08710041373359786,Ingenuine,tell me a little I still felt like I was just going through the motions without any real purpose or Direction now today
63.5,53.5,5.238166823983192,0.0012159030120528769,1.4777732081711292,0.07874657167121768,18.583056330680847,0.00613308438914828,74.61490631103516,0.0007874657167121768,0.746210393954243,0.2530021226584722,0.098,0.902,0.0,0.9416136814950382,Genuine,I still felt like I was just going through the motions without any real purpose or Direction now I'll sit here reflecting on the day I can't
64.0,54.0,23.75860959291458,0.14555722009390593,53.18294167518616,1.024593785405159,7.038617134094238,0.9241473861038685,13.92553597688675,0.01024593785405159,0.14849683362990618,0.8412572562228888,0.062,0.881,0.057,0.23728971158841755,Ingenuine,I still felt like I was just going through the motions without any real purpose or Direction now I'll sit here reflecting on the day I can't help but feel
64.5,54.5,28.66184711456299,1.649441011250019,50.541865825653076,0.501856254413724,15.01932144165039,0.47852005809545517,3.1471502035856247,0.0050185625441372395,0.0362567026168108,0.9587247539311647,0.06,0.885,0.055,0.09982508342022899,Ingenuine,I still felt like I was just going through the motions without any real purpose or Direction now I'll sit here reflecting on the day I can't help but feel a deep
65.0,55.0,44.661447405815125,3.8551662117242813,26.806119084358215,0.35050841979682446,18.31868141889572,3.727792203426361,2.2802820429205894,0.0035050841979682446,0.060080742463469505,0.9364141412079334,0.058,0.889,0.054,0.12439612946942387,Ingenuine,I felt like I was just going through the motions without any real purpose or Direction now I'll sit here reflecting on the day I can't help but feel a deep sense of
65.5,55.5,55.14194369316101,0.01636102970223874,21.499842405319214,2.831130661070347,9.944233298301697,9.694427251815796,0.8720596320927143,0.02831130661070347,0.1056648688390851,0.8660238042648416,0.064,0.735,0.201,0.37985297533448387,Ingenuine,like I was just going through the motions without any real purpose or Direction now I can't help but feel a deep sense of sadness and
66.0,56.0,54.43242788314819,2.3683246225118637,23.803119361400604,0.2702709985896945,16.783685982227325,0.21315759513527155,2.1290110424160957,0.002702709985896945,0.023421686375513673,0.9738755784928799,0.0,0.618,0.382,0.5460831966389407,Genuine,just going through the motions without any real purpose or Direction I can't help but feel a deep sense of sadness and hopelessness
66.5,56.5,36.67335669119874,1.930229321988902,49.578443219847294,0.10317678031825658,7.69829211255406,2.7074628076001637,1.3090337928791294,0.0010317678031825659,0.04016496600479293,0.9588032134558899,0.0,0.574,0.426,0.6290500251247387,Genuine,emotion without any real purpose or Direction now I can't help but feel a deep sense of sadness and hopelessness
67.0,57.0,8.466349301716644,0.0036362360681817946,59.774312959570466,0.4839934697147292,4.3652838835289405,5.1205105406350215,21.785911726111873,0.004839934697147292,0.26906422266746893,0.7260958238088423,0.0,0.557,0.443,0.8556114233832565,Genuine,without any real purpose or Direction now I can't help but feel a deep sense of sadness and hopelessness
67.5,57.5,45.9740549325943,0.6000408437103033,36.00185811519623,0.45585487969219685,12.238147109746933,0.378860835917294,4.351183772087097,0.0045585487969219685,0.04730044608004391,0.9481410100124776,0.0,0.574,0.426,0.6352263305888126,Genuine,any real purpose or Direction I can't help but feel a deep sense of sadness and hopelessness I know that tomorrow
68.0,58.0,12.666340927263553,0.03754166760730252,70.92634862222366,0.22326501951456187,2.261927672441463,3.4326216389311335,10.451955971238373,0.002232650195145619,0.13884577610169507,0.8589215888953597,0.0,0.59,0.41,0.6943864736909865,Genuine,purpose or Direction I can't help but feel a deep sense of sadness and hopelessness I know that tomorrow is a new day
68.5,58.5,2.0638735332413636,0.012056789264673845,58.250865832022775,0.8952867773346173,1.980919695253354,0.5174058332238098,36.27959706065637,0.008952867773346173,0.3679700289388018,0.6230771584978217,0.0,0.654,0.346,0.852081653204896,Genuine,now I do sit here reflecting on the day I can't help but feel a deep sense of sadness and hopelessness I know that tomorrow is a new day
69.0,59.0,17.514673919360277,0.0063707015374441615,2.923378522597463,0.16141042376893305,27.658207872999185,0.00530568899895446,51.730653746763096,0.0016141042376893306,0.5173595943576205,0.4810263101649436,0.0,0.644,0.356,0.97036825810701,Genuine,no other sit here reflecting on the day I can't help but feel a deep sense of sadness and hopelessness I know that tomorrow is a new day and the things
69.5,59.5,25.213623046875,1.7720367759466171,45.56431472301483,0.3789369948208332,25.385835766792297,0.9837603196501732,0.7014922332018614,0.003789369948208332,0.016852525528520346,0.9793581031262875,0.0,0.7,0.3,0.4096719792915171,Ingenuine,now I do sit here reflecting on the day I can't help but feel a deep sense of sadness and hopelessness I know that tomorrow is a new day and the things will eventually
70.0,60.0,45.44485157070775,1.0449449846082908,41.121320858159166,0.131763021336558,10.085814903475631,2.0113796530818524,0.1599324592122387,0.0013176302133655802,0.021713121122940913,0.9769693231695084,0.092,0.643,0.265,0.3981972301860178,Ingenuine,now I do sit here reflecting on the day I can't help but feel a deep sense of sadness and hopelessness I know that tomorrow is a new day and the things will eventually get better
70.5,60.5,41.46520793437958,0.9928452782332897,39.86635506153107,0.2926604123786092,9.432447701692581,7.277395576238632,0.6730951834470034,0.002926604123786092,0.07950490759685636,0.9175685597583652,0.09,0.611,0.299,0.5114107498457301,Genuine,no other sit here reflecting on the day I can't help but feel a deep sense of sadness and hopelessness I know that tomorrow is a new day and the things will eventually get better.
71.0,61.0,28.83252203464508,0.07950345752760768,11.069966107606888,0.6325419060885906,38.55501711368561,0.07910948479548097,20.751342177391052,0.006325419060885906,0.20830451662186533,0.7853700871346518,0.094,0.634,0.272,0.6120787971559799,Genuine,reflecting on the day I can't help but feel a deep sense of sadness and hopelessness I know that tomorrow is a new day and the things will eventually get better but right now
71.5,61.5,38.83132173641661,0.007251929354856762,2.295804867648498,0.5471377446934289,0.42307860762433913,57.82630946322567,0.06908903937470444,0.005471377446934289,0.5789539850260037,0.41557457141044307,0.168,0.568,0.264,0.9508950156321733,Genuine,I can't help but feel a deep sense of sadness and hopelessness I know that tomorrow is a new day and the things will eventually get better but right now it feels like
72.0,62.0,66.21017262814371,0.2804091098789442,26.066702477132978,0.2786432060726635,3.361681820549748,3.4843224603745386,0.31805910103808627,0.0027864320607266352,0.038023815614126245,0.9591896603570538,0.144,0.63,0.226,0.36690744928862107,Ingenuine,sucking on the day I can't help but feel a deep sense of sadness and hopelessness I know that tomorrow is a new day and the things will eventually get better but right now it feels like a weight up to
72.5,62.5,43.11403930187225,0.0033093077945522964,2.2350268438458443,0.08465818827971816,18.091194331645966,0.0023912140022730455,36.46937906742096,0.0008465818827971816,0.3647177028142323,0.6344356978515862,0.147,0.622,0.231,0.7510795979534058,Genuine,I can't help but feel a deep sense of sadness and hopelessness I know that tomorrow is a new day and the things will eventually get better but right now it feels like a weight of the world is cross
73.0,63.0,38.95948761460111,0.23482014893413478,46.79077844564786,0.3449107260203794,9.34840347459337,3.8090819900680772,0.5125183917592997,0.003449107260203794,0.04321600381827377,0.9533348968377646,0.138,0.583,0.279,0.46242520634732676,Ingenuine,I can't help but feel a deep sense of sadness and hopelessness I know that tomorrow is a new day and the things will eventually get better but right now it feels like a weight of the world is crushing me
73.5,63.5,14.973989129066467,0.027500936994329095,67.60944128036499,0.30210395343601704,3.945809230208397,9.247221797704697,3.893934190273285,0.0030210395343601704,0.13141155987977982,0.8655674057663418,0.121,0.698,0.18,0.3873843679230136,Ingenuine,Chick-fil-A deep sense of sadness and hopelessness I know that tomorrow is a new day and the things will eventually get better but right now it feels like a weight of the world is crushing me and I don't
74.0,64.0,38.83472614495314,0.2642106655142108,49.50174686323088,0.47623522624285375,9.33993961453078,0.8989614970363079,0.6841769849763504,0.004762352262428537,0.01583138482012658,0.97940623288229,0.113,0.718,0.169,0.2427273775573271,Ingenuine,deep sense of sadness and hopelessness I know that tomorrow is a new day and the things will eventually get better but right now it feels like a weight of the world is crushing me and I don't know how to take
74.5,64.5,8.443588763475418,2.118315194366005e-05,1.3180953450500965,0.008370640716748312,10.259367525577545,0.0005432149009720888,79.9700140953064,8.370640716748312e-05,0.7997055731020737,0.20021072817255003,0.116,0.712,0.172,0.9876731712284794,Genuine,sadness and hopelessness I know that tomorrow is a new day and the things will eventually get better but right now it feels like a weight of the world is crushing me and I don't know how to take it off
75.0,65.0,20.061467587947845,0.0027827887606690638,4.978346079587936,0.17819403437897563,14.605292677879333,0.024786574067547917,60.14912724494934,0.0017819403437897563,0.6017391381901689,0.39647889134175784,0.121,0.744,0.135,0.9086817161256675,Genuine,and hopelessness I know that tomorrow is a new day and the things will eventually get better but right now it feels like a weight of the world is crushing me and I don't know how to take it off